Business Name,Website,Industry,Reason
Bournemouth Hair & Nail Salon,bournemonthhair.com,Hairdresser,no_mx
Poole Hairdressers,poolehairdressers.co.uk,Hairdresser,no_mx
Bournemouth Gents Hairdressers,bournemouthgents.co.uk,Hairdresser,no_mx
Hair by JM,hairbyjm.co.uk,Hairdresser,no_mx
Fresh Looks Hairdressers,freshlookshair.co.uk,Hairdresser,no_mx
The Cutting Room Bournemouth,cuttingroombournemouth.co.uk,Hairdresser,no_mx
Blake Hair & Beauty,blakehairbeauty.co.uk,Hairdresser,no_mx
Headline Hair Bournemouth,headlinehair.co.uk,Hairdresser,no_mx
Milo's Hair & Beauty,miloshairbeauty.co.uk,Hairdresser,no_mx
Better Gym Bournemouth,better.org.uk/centres/bournemouth,Gym,no_mx
Bournemouth Pilates & Yoga Studio,bournemouthpilatesyoga.co.uk,Gym,no_mx
Poole Fitness Centre,poolefitnesscentre.co.uk,Gym,no_mx
DJ's Health Club,djhealthclub.co.uk,Gym,no_mx
Poole Taekwondo Club,pooletaekwondo.co.uk,Gym,no_mx
Dorset Yoga Studio,dorsetyoga.co.uk,Gym,no_mx
Poole Kickboxing Club,poolekickboxing.co.uk,Gym,no_mx
Bournemouth Boxing Academy,bournemouthboxingacademy.co.uk,Gym,no_mx
Bournemouth Dental Practice,bournemouthdentalpractice.co.uk,Dentist,no_mx
Poole Dental Studio,pooledentalstudio.co.uk,Dentist,no_mx
The Dental Centre Bournemouth,dentalcentre-bournemouth.co.uk,Dentist,no_mx
Boscombe Dental Practice,boscombedental.co.uk,Dentist,no_mx
Poole Family Dentistry,poolefamilydentistry.co.uk,Dentist,no_mx
Winton Dental Practice,wintondental.co.uk,Dentist,no_mx
Stokewood Dental Centre,stokewooddental.co.uk,Dentist,no_mx
Talbot Dental,taltaldental.co.uk,Dentist,no_mx
Branksome Dental,branksomedental.co.uk,Dentist,no_mx
Westbourne Dental Studio,westbournedentalstudio.co.uk,Dentist,no_mx
Moordown Dental Practice,moordowndental.co.uk,Dentist,no_mx
Kinson Dental Centre,kinsondentalcentre.co.uk,Dentist,no_mx
Bournemouth Implant Centre,bournemouthimplantcentre.co.uk,Dentist,no_mx
AFC Bournemouth Builders,afcbournemouthbuilders.co.uk,Builder,no_mx
Southampton Building Contractors,southamptonbuildingcontractors.co.uk,Builder,no_mx
Poole Building Contractors,poolebuildingcontractors.co.uk,Builder,no_mx
Local Builder Bournemouth,localbuilderbournemouth.co.uk,Builder,no_mx
Premier Construction Dorset,premierconstructiondorset.co.uk,Builder,no_mx
Direct Build UK,directbuilduk.co.uk,Builder,no_mx
Heritage Build Dorset,heritagebuilddorset.co.uk,Builder,no_mx
Solid Foundations Building,solidfoundationsbuilding.co.uk,Builder,no_mx
Excel Build Ltd,excelbuildltd.co.uk,Builder,no_mx
Delta Building Contractors,deltabuildingcontractors.co.uk,Builder,no_mx
Seaside Bistro Café,seasidebistrocafe.co.uk,Cafe,no_mx
The Milk Hut,themilkhut.co.uk,Cafe,no_mx
Bournemouth Coffee Company,bournemouthcoffeecompany.co.uk,Cafe,no_mx
The Limes Café,thelimescafe.co.uk,Cafe,no_mx
Poole Harbour Café,pooleharbourcafe.co.uk,Cafe,no_mx
The Crab at Bournemouth,thecrabatbournemouth.co.uk,Restaurant,no_mx
Poole Old Town Restaurant,pooleoldtownrestaurant.co.uk,Restaurant,no_mx
Bournemouth Tandoori,bournemouthtandoori.co.uk,Restaurant,no_mx
Poole Spice Restaurant,poolespicerestaurant.co.uk,Restaurant,no_mx
The Kings Head Pub,kingsheadbournemouth.co.uk,Restaurant,no_mx
Poole Thai Cuisine,poolethaicuisine.co.uk,Restaurant,no_mx
Poole Fish & Chips,poolefishandchips.co.uk,Restaurant,no_mx
Shore Road Café,shoreroadcafe.co.uk,Restaurant,no_mx
Bournemouth Vets 24hr,bournemouthvets24.co.uk,Vet,no_mx
Poole Veterinary Clinic,poolevetclinic.co.uk,Vet,no_mx
Dorset Pet Hospital,dorsetpethospital.co.uk,Vet,no_mx
Companion Care Vets,companioncarevets.co.uk,Vet,no_mx
Independent Vet Practice,independentvetpractice.co.uk,Vet,no_mx
Pet Healthcare Vets,pethealthcarevets.co.uk,Vet,no_mx
The Family Vet Practice,thefamilyvetpractice.co.uk,Vet,no_mx
Poole Dog Groomers,pooledoggroomers.co.uk,Dog Groomer,no_mx
Bournemouth Dog Grooming,bournemouthdoggrooming.co.uk,Dog Groomer,no_mx
Fur & Feathers Pet Grooming,furandfeathersgrooming.co.uk,Dog Groomer,no_mx
Bark Avenue Dog Groomers,barkavenuedoggroomers.co.uk,Dog Groomer,no_mx
Posh Paws Dog Grooming,poshpawsdoggrooming.co.uk,Dog Groomer,no_mx
Dapper Dogs Groomers,dapperdogsgroomers.co.uk,Dog Groomer,no_mx
Puppy Cutz Grooming,puppycutzgrooming.co.uk,Dog Groomer,no_mx
Bourne Paws Grooming,bournepawsgrooming.co.uk,Dog Groomer,no_mx
Mobile Mechanic Bournemouth 24/7,mobilebournemouth247.co.uk,Mobile Mechanic,no_mx
Mobile Car Repairs Dorset,mobilecarrepairsdorset.co.uk,Mobile Mechanic,no_mx
Roadside Auto Services,roadsideautoservices.co.uk,Mobile Mechanic,no_mx
Fast Lane Mobile Garage,fastlanemobilegarage.co.uk,Mobile Mechanic,no_mx
Car Mobile Mechanic UK,carmobilemechanicuk.co.uk,Mobile Mechanic,no_mx
Wheels Mobile Mechanic,wheelsmobilemechanic.co.uk,Mobile Mechanic,no_mx
Pro Mobile Garage Services,promobilegarageservices.co.uk,Mobile Mechanic,no_mx
Mobile Mechanic Near Me,mobilemechanicnarme.co.uk,Mobile Mechanic,no_mx
FixItNow Mobile Garage,fixitnowmobile.co.uk,Mobile Mechanic,no_mx
Mobile Mechanic Team UK,mobilemechanicteam.co.uk,Mobile Mechanic,no_mx
Dorset Emergency Mobile Mechanic,dorsetemergencymechanic.co.uk,Mobile Mechanic,no_mx
Car Repair Mobile Service,carrepairs-mobile.co.uk,Mobile Mechanic,no_mx
AutoAid Mobile Mechanics,autoaidmobile.co.uk,Mobile Mechanic,no_mx
Mobile Car Servicing UK,mobilecarservicinguk.co.uk,Mobile Mechanic,no_mx
QuickFix Mobile Garage,quickfixmobilegarage.co.uk,Mobile Mechanic,no_mx
24/7 Plumber Poole,247plumberpoole.co.uk,Plumber,no_mx
Dorset Emergency Plumber,dorsetemergencyplumber.co.uk,Plumber,no_mx
Local Plumber Bournemouth,localplumberbournemouth.co.uk,Plumber,no_mx
Local Plumber Poole,localplumberpoole.co.uk,Plumber,no_mx
Dorset PlumbFix,dorsetplumbfix.co.uk,Plumber,no_mx
Master Plumber UK,masterplumberuk.co.uk,Plumber,no_mx
Bournemouth Plumbing Repairs,bournemouthplumbingrepairs.co.uk,Plumber,no_mx
Poole Plumbing Experts,pooleplumbingexperts.co.uk,Plumber,no_mx
Trade Plumber Services,tradeplumberservices.co.uk,Plumber,no_mx
Emergency Gas Safe Plumber,emergencygassafeplumber.co.uk,Plumber,no_mx
Local Electrician Near Me,localelectriciannarme.co.uk,Electrician,no_mx
Qualified Electrician UK,qualifiedelectricianuk.co.uk,Electrician,no_mx
Local Electrician Poole,localelectricianpoole.co.uk,Electrician,no_mx
NICEIC Electrician Ltd,niceicelectricianltd.co.uk,Electrician,no_mx
Dorset Electrical Experts,dorsetelectricalexperts.co.uk,Electrician,no_mx
SparkRight Electricians,sparkrightelectricians.co.uk,Electrician,no_mx
Trade Electrician Services,tradeelectricianservices.co.uk,Electrician,no_mx
Rapid Response Electrics,rapidresponseelectrics.co.uk,Electrician,no_mx
Dorset Electrician Near Me,dorsetelectriciannarme.co.uk,Electrician,no_mx
Bournemouth Electrical Repairs,bournemouthelectricalrepairs.co.uk,Electrician,no_mx
Poole Electrical Services Ltd,pooleelectricalservicesltd.co.uk,Electrician,no_mx
Bournemouth Hair Design,bournemonthhairdesign.co.uk,Hairdresser,no_mx
Elite Hair & Beauty Salon,elitehairbeautysalon.co.uk,Hairdresser,no_mx
Creative Hair Studio Bournemouth,creativehairstudiobournemouth.co.uk,Hairdresser,no_mx
Poole Hair & Nail Studio,poolehairandnailstudio.co.uk,Hairdresser,no_mx
Ladies Hairdressers Bournemouth,ladieshairdressersbournemouth.co.uk,Hairdresser,no_mx
Gents Haircutting Salon,gentshaircuttingsalon.co.uk,Hairdresser,no_mx
Studio One Hair & Beauty,studioonehairbeauty.co.uk,Hairdresser,no_mx
Hair at Home UK,hairathomuk.co.uk,Hairdresser,no_mx
Mobile Hairdresser Service,mobilehairdresserservice.co.uk,Hairdresser,no_mx
Barber Shop Bournemouth,barbershopbournemouth.co.uk,Barber,no_mx
Classic Cuts Barbers,classiccutsbarbers.co.uk,Barber,no_mx
The London Barber Co,thelondonbarberco.co.uk,Barber,no_mx
Poole Barbers,poolebarbers.co.uk,Barber,no_mx
Sculpture Hairdressers,sculpturehairdressers.co.uk,Hairdresser,no_mx
Haircraft Unisex Salon,haircraftunisexsalon.co.uk,Hairdresser,no_mx
Bournemouth CrossFit Box,bournemouthcrossfitbox.co.uk,Gym,no_mx
FitLab Gym Dorset,fitlabgymdorset.co.uk,Gym,no_mx
GymNation Bournemouth,gymnationbournemouth.co.uk,Gym,no_mx
PowerHouse Gym Dorset,powerhousegymdorset.co.uk,Gym,no_mx
Bournemouth Bootcamp Fitness,bournemouthbootcampfitness.co.uk,Gym,no_mx
WOD Gym CrossFit,wodgymcrossfit.co.uk,Gym,no_mx
Dorset Fitness Academy,dorsetfitnessacademy.co.uk,Gym,no_mx
Urban Fitness Studio,urbanfitnessstudio.co.uk,Gym,no_mx
Bournemouth PT Studio,bournemouthptstudio.co.uk,Gym,no_mx
Strength Training Gym,strengthtraininggym.co.uk,Gym,no_mx
Bournemouth Dental Group,bournemouthdentalgroup.co.uk,Dentist,no_mx
Poole Dental Care,pooledentalcare.co.uk,Dentist,no_mx
Dental Excellence Bournemouth,dentalexcellencebournemouth.co.uk,Dentist,no_mx
Bright Smile Dentists,brightsmiledentists.co.uk,Dentist,no_mx
My Dentist Bournemouth,mydentistbournemouth.co.uk,Dentist,no_mx
Poole Dental Practice Ltd,pooledentalpracticeltd.co.uk,Dentist,no_mx
Gentle Dental Bournemouth,gentledentalbournemouth.co.uk,Dentist,no_mx
A1 Dental Poole,a1dentalpoole.co.uk,Dentist,no_mx
Premier Build Services,premierbuildservices.co.uk,Builder,no_mx
Dorset Build Co,dorsetbuildco.co.uk,Builder,no_mx
Bournemouth Build & Renovation,bournemouthbuildandrenovation.co.uk,Builder,no_mx
Poole Construction Company,pooleconstructioncompany.co.uk,Builder,no_mx
Expert Builders UK,expertbuildersuk.co.uk,Builder,no_mx
Home Build Dorset,homebuilddorset.co.uk,Builder,no_mx
Property Builders Ltd,propertybuildersltd.co.uk,Builder,no_mx
Construction Pros UK,constructionprosuk.co.uk,Builder,no_mx
Dorset Home Builders,dorsethomebuilders.co.uk,Builder,no_mx
Bournemouth Construction Ltd,bournemouthconstructionltd.co.uk,Builder,no_mx
Poole Building Services,poolebuildingservices.co.uk,Builder,no_mx
Estate Build Contractors,estatebuildcontractors.co.uk,Builder,no_mx
Seaside Café & Bistro,seasidecafebistro.co.uk,Cafe,no_mx
The Beach Hut Coffee Co,beachhutcoffeeco.co.uk,Cafe,no_mx
Morning Coffee House,morningcoffeehouse.co.uk,Cafe,no_mx
Afternoon Tea Rooms,afternoontearooms.co.uk,Cafe,no_mx
Espresso Bar Café,espressobarcafe.co.uk,Cafe,no_mx
Bourne Coffee Co,bournecoffeeco.co.uk,Cafe,no_mx
The Latte Library,thelattellibrary.co.uk,Cafe,no_mx
Flat White Café,flatwhitecafebournemouth.co.uk,Cafe,no_mx
Artisan Roast Café,artisanroastcafe.co.uk,Cafe,no_mx
Lakeside Café,lakesidecafepoole.co.uk,Cafe,no_mx
Bay View Café,bayviewcafepoole.co.uk,Cafe,no_mx
Seafood Restaurant Bournemouth,seafoodrestaurantbournemouth.co.uk,Restaurant,no_mx
British Cuisine Restaurant,britishcuisinerestaurant.co.uk,Restaurant,no_mx
Mediterranean Restaurant,mediterraneanrestaurantbournemouth.co.uk,Restaurant,no_mx
Indian Restaurant Bournemouth,indianrestaurantbournemouth.co.uk,Restaurant,no_mx
Thai Restaurant Poole,thairestaurantpoole.co.uk,Restaurant,no_mx
Chinese Restaurant Bournemouth,chineserestaurantbournemouth.co.uk,Restaurant,no_mx
Italian Restaurant Poole,italianrestaurantpoole.co.uk,Restaurant,no_mx
French Restaurant Bournemouth,frenchrestaurantbournemouth.co.uk,Restaurant,no_mx
Grill Restaurant Bournemouth,grillrestaurantbournemouth.co.uk,Restaurant,no_mx
BBQ Restaurant Dorset,bbqrestaurantdorset.co.uk,Restaurant,no_mx
Greek Restaurant Bournemouth,greekrestaurantbournemouth.co.uk,Restaurant,no_mx
Mexican Restaurant Poole,mexicanrestaurantpoole.co.uk,Restaurant,no_mx
Japanese Restaurant Bournemouth,japaneserestaurantbournemouth.co.uk,Restaurant,no_mx
Korean Restaurant Dorset,koreanrestaurantdorset.co.uk,Restaurant,no_mx
Vietnamese Restaurant,vietnameseerestaurant.co.uk,Restaurant,no_mx
Spanish Tapas Restaurant,spanishtapasrestaurant.co.uk,Restaurant,no_mx
Bournemouth Vet Clinic,bournemouthvetclinic.co.uk,Vet,no_mx
Pet Care Vets Dorset,petcarevetsdorset.co.uk,Vet,no_mx
Pet Vets Clinic,petvetsclinic.co.uk,Vet,no_mx
Companion Animal Vets,companionanimalvets.co.uk,Vet,no_mx
Dorset Animal Hospital,dorsetanimalhospital.co.uk,Vet,no_mx
Expert Vet Services,expertvetservices.co.uk,Vet,no_mx
Caring Vets Bournemouth,caringvetsbournemouth.co.uk,Vet,no_mx
Poole Animal Care,pooleanimalcare.co.uk,Vet,no_mx
Wellness Vets Dorset,wellnessvetsdorset.co.uk,Vet,no_mx
Blue Cross Pet Care,bluecrosspetcare.co.uk,Vet,no_mx
Local Vet Practice,localvetpractice.co.uk,Vet,no_mx
First Choice Pet Vets,firstchoicepetvets.co.uk,Vet,no_mx
Dog Grooming Spa,doggroomingspabournemouth.co.uk,Dog Groomer,no_mx
Pawfect Grooming Studio,pawfectgroomingstudio.co.uk,Dog Groomer,no_mx
Dog Grooming by Experts,doggroomingbyexperts.co.uk,Dog Groomer,no_mx
Paws & Claws Grooming,pawsandclawsngrooming.co.uk,Dog Groomer,no_mx
Premium Pet Grooming,premiumpetgrooming.co.uk,Dog Groomer,no_mx
Royal Dog Groomers,royaldoggroomers.co.uk,Dog Groomer,no_mx
Pampered Paws Studio,pamperedpawsstudio.co.uk,Dog Groomer,no_mx
Paw Palace Groomers,pawpalacegroomers.co.uk,Dog Groomer,no_mx
Pet Palace Grooming,petpalacegrooming.co.uk,Dog Groomer,no_mx
Dog Grooming Salon Near Me,doggroomingsalonnearme.co.uk,Dog Groomer,no_mx
Bourne Groom Dog Grooming,bournegroomdoggrooming.co.uk,Dog Groomer,no_mx
Dorset Dog Grooming,dorsetdoggrooming.co.uk,Dog Groomer,no_mx
Poole Dog Grooming Studio,poolegroomingstudio.co.uk,Dog Groomer,no_mx
Bournemouth Dog Grooming Spa,bournemouthdoggroomingspa.co.uk,Dog Groomer,no_mx
Pampered Paws Poole,pamperedpawspool.co.uk,Dog Groomer,no_mx
Bournemouth Pet Grooming,bournemouthpetgrooming.co.uk,Dog Groomer,no_mx
Dorset Pet Grooming Studio,dorsetpetgroomingstudio.co.uk,Dog Groomer,no_mx
Fresh Coat Dog Grooming,freshcoatdoggrooming.co.uk,Dog Groomer,no_mx
Smart Dog Grooming,smartdoggrooming.co.uk,Dog Groomer,no_mx
AutoFix Mobile Mechanic,autofixmobilemechanic.co.uk,Mobile Mechanic,no_mx
Car Mechanic Mobile UK,carmechanicmobileuk.co.uk,Mobile Mechanic,no_mx
Mobile Car Mechanic Near Me,mobilecarmechanicnarme.co.uk,Mobile Mechanic,no_mx
Car Repair At Home,carrepairathome.co.uk,Mobile Mechanic,no_mx
Vehicle Mobile Mechanic,vehiclemobilemechanic.co.uk,Mobile Mechanic,no_mx
OnSite Car Repairs,onsitecarrepairs.co.uk,Mobile Mechanic,no_mx
Car Service Mobile,carservicemobile.co.uk,Mobile Mechanic,no_mx
Mobile Garage Service,mobilegarageservice.co.uk,Mobile Mechanic,no_mx
Rapid Mobile Mechanics,rapidmobilemechanics.co.uk,Mobile Mechanic,no_mx
Dorset Mobile Mechanic,dorsetmobilemechanic.co.uk,Mobile Mechanic,no_mx
Drainage Solutions Plumber,drainagesolutionsplumber.co.uk,Plumber,no_mx
Tap & Toilet Repair,tapandtoiletrepair.co.uk,Plumber,no_mx
Bathroom Fitter Plumber,bathroomfitterplumber.co.uk,Plumber,no_mx
Plumbing & Heating Expert,plumbingandheatingexpert.co.uk,Plumber,no_mx
Cylinder Installation,cylinderinstallation.co.uk,Plumber,no_mx
Radiator Installer,radiatorinstaller.co.uk,Plumber,no_mx
Pipework Specialist,pipeworkspecialist.co.uk,Plumber,no_mx
Heating Engineer Near Me,heatingengineernearme.co.uk,Plumber,no_mx
Electrician Near Me Now,electriciannarmenow.co.uk,Electrician,no_mx
Rewiring Services,rewiringservices.co.uk,Electrician,no_mx
Consumer Unit Upgrade,consumerunitupgrade.co.uk,Electrician,no_mx
Socket & Switch Expert,socketandswithexpert.co.uk,Electrician,no_mx
Solar Panel Electrician,solarpanelelectrician.co.uk,Electrician,no_mx
Emergency Lighting Install,emergencylightinginstall.co.uk,Electrician,no_mx
Security Light Installer,securitylightinstaller.co.uk,Electrician,no_mx
Three Phase Electrician,threephaseelectrician.co.uk,Electrician,no_mx
Hair Flair Studio,hairflairstudio.co.uk,Hairdresser,no_mx
Hair Zone UK,hairzoneuk.co.uk,Hairdresser,no_mx
Hair Express Studio,hairexpressstudio.co.uk,Hairdresser,no_mx
Hair Logic UK,hairlogicuk.co.uk,Hairdresser,no_mx
Hair Solutions UK,hairsolutionsuk.co.uk,Hairdresser,no_mx
Hair Company Studio,haircompanystudio.co.uk,Hairdresser,no_mx
Hair Crafters Studio,haircraftersstudio.co.uk,Hairdresser,no_mx
Hair Oasis Studio,hairoasisstudio.co.uk,Hairdresser,no_mx
Hair Radiance UK,hairradianceuk.co.uk,Hairdresser,no_mx
Hair Passion UK,hairpassionuk.co.uk,Hairdresser,no_mx
Cardio Zone Gym,cardiozonegym.co.uk,Gym,no_mx
Strength Zone Fitness,strengthzonefitness.co.uk,Gym,no_mx
Muscle Gym UK,musclegymuk.co.uk,Gym,no_mx
Cardio King Fitness,cardiokinfitness.co.uk,Gym,no_mx
Fitness Master Gym,fitnessmastergym.co.uk,Gym,no_mx
Ultimate Gym Fitness,ultimategymfitness.co.uk,Gym,no_mx
Lean Fit Gym,leanfitgym.co.uk,Gym,no_mx
Cardio Fitness Gym,cardiofitnessgym.co.uk,Gym,no_mx
Teeth Whitening Dental,teethwhiteningdental.co.uk,Dentist,no_mx
Dental Expert UK,dentalexpertuk.co.uk,Dentist,no_mx
Dental Studio UK,dentalstudiouk.co.uk,Dentist,no_mx
Dental Fix UK,dentalfixuk.co.uk,Dentist,no_mx
Teeth Doctor UK,teethdoctoruk.co.uk,Dentist,no_mx
Dental Solutions UK,dentalsolutionsuk.co.uk,Dentist,no_mx
Perfect Teeth UK,perfectteethuk.co.uk,Dentist,no_mx
Teeth Spa Dental,teethspadental.co.uk,Dentist,no_mx
Dental Comfort Care,dentalcomfortcare.co.uk,Dentist,no_mx
Gentle Teeth Care,gentleteethcare.co.uk,Dentist,no_mx
Family Teeth Dental,familyteethdental.co.uk,Dentist,no_mx
Dental First UK,dentalfirstuk.co.uk,Dentist,no_mx
Teeth Check Dental,teethcheckdental.co.uk,Dentist,no_mx
Dental Help UK,dentalhelpuk.co.uk,Dentist,no_mx
Teeth Fixer Dental,teethfixerdental.co.uk,Dentist,no_mx
Construction Expert UK,constructionexpertuk.co.uk,Builder,no_mx
BuildIt Right UK,builditrightuk.co.uk,Builder,no_mx
Construction Pros Co,constructionprosco.co.uk,Builder,no_mx
Construction Expert Co,constructionexpertco.co.uk,Builder,no_mx
Home Build Right,homebuildright.co.uk,Builder,no_mx
Builder Pro UK,builderprouk.co.uk,Builder,no_mx
Construction Pro Solutions,constructionprosolutions.co.uk,Builder,no_mx
Build Co UK,buildcountruk.co.uk,Builder,no_mx
Expert Builder UK,expertbuilderuk.co.uk,Builder,no_mx
Construction Master UK,constructionmasteruk.co.uk,Builder,no_mx
Professional Builder Co,professionalbuilderco.co.uk,Builder,no_mx
Construction King UK,constructionkinguk.co.uk,Builder,no_mx
Coffee Central UK,coffeecentraluk.co.uk,Cafe,no_mx
Latte Love Café,lattelovecafe.co.uk,Cafe,no_mx
Coffee House UK,coffeehouseuk.co.uk,Cafe,no_mx
Brew & Go Café,brewandgocafe.co.uk,Cafe,no_mx
Café Culture UK,cafecultureuk.co.uk,Cafe,no_mx
Coffee Station Café,coffeestationcafe.co.uk,Cafe,no_mx
Americano Avenue,americanoavenue.co.uk,Cafe,no_mx
Latte Land Café,lattelandcafe.co.uk,Cafe,no_mx
Coffee World UK,coffeeworlduk.co.uk,Cafe,no_mx
Coffee Express UK,coffeeexpressuk.co.uk,Cafe,no_mx
Café Roma UK,caferoma.uk,Cafe,no_mx
Bourne Mouth Bistro,bourneouthbistro.co.uk,Restaurant,no_mx
Coastal Cuisine Restaurant,coastalcuisinerestaurant.co.uk,Restaurant,no_mx
The Plate Restaurant,theplaterestaurant.co.uk,Restaurant,no_mx
Marina Dining,marinadining.co.uk,Restaurant,no_mx
Pier View Restaurant,pierviewrestaurant.co.uk,Restaurant,no_mx
Salty Dog Restaurant,saltydogrestaurant.co.uk,Restaurant,no_mx
PetDoc Vets,petdocvets.co.uk,Vet,no_mx
Vet4All Clinic,vet4allclinic.co.uk,Vet,no_mx
Dorset Pet Vets,dorsetpetvets.co.uk,Vet,no_mx
PetClinic Dorset,petclinicdorset.co.uk,Vet,no_mx
Expert Pet Vets,expertpetvets.co.uk,Vet,no_mx
PetHelp Vets,pethelpvets.co.uk,Vet,no_mx
Pet Hospital Dorset,pethospitaldorset.co.uk,Vet,no_mx
Animal Emergency Vets,animalemergencyvets.co.uk,Vet,no_mx
PetAid Vets,petaidvets.co.uk,Vet,no_mx
Vet Team UK,vetteamuk.co.uk,Vet,no_mx
PetCheck Vets,petcheckvets.co.uk,Vet,no_mx
PawStyle Grooming,pawstylegrooming.co.uk,Dog Groomer,no_mx
FurBaby Groomers,furbabygroomers.co.uk,Dog Groomer,no_mx
BarkControl Grooming,barkcontrolgrooming.co.uk,Dog Groomer,no_mx
Groom4Dogs,groom4dogs.co.uk,Dog Groomer,no_mx
DogSpa UK,dogspauk.co.uk,Dog Groomer,no_mx
ShinyDog Grooming,shinydoggrooming.co.uk,Dog Groomer,no_mx
FreshDog Grooming,freshdoggrooming.co.uk,Dog Groomer,no_mx
DOGSTYLE Grooming,dogstylegrooming.co.uk,Dog Groomer,no_mx
CleanDog Groomers,cleandoggroomers.co.uk,Dog Groomer,no_mx
GroomTeam UK,groomteamuk.co.uk,Dog Groomer,no_mx
HealthyDog Grooming,healthydoggrooming.co.uk,Dog Groomer,no_mx
GroomExperts UK,groomexpertsuk.co.uk,Dog Groomer,no_mx
PawGroom Studio,pawgroomstudio.co.uk,Dog Groomer,no_mx
DogBeauty Grooming,dogbeautygrooming.co.uk,Dog Groomer,no_mx
